,Symbol,Market Cap (intraday),Return on Equity,Revenue,Quarterly Revenue Growth,Operating Cash Flow,Total Cash,Total Debt,Current Ratio,52-Week Change,Avg Vol (3 month),Avg Vol (10 day),% Held by Insiders,Name,Sector
0,MMM,119.1B,49.96%,32.76B,-0.60%,6.44B,3.23B,14.73B,1.89,-13.16%,2.43M,1.77M,7.74%,3M Company,Industrials
1,AOS,8.65B,26.39%,3.19B,5.70%,448.9M,645M,221.4M,2.09,-20.82%,1.8M,1.37M,0.79%,A.O. Smith Corp,Industrials
2,ABT,131.83B,7.53%,30.58B,2.30%,,7.55B,23.83B,,27.59%,7M,5.36M,0.71%,Abbott Laboratories,Health Care
3,ABBV,120.23B,522.70%,32.75B,7.30%,,8.79B,41.22B,,-28.69%,7.16M,6.39M,0.07%,AbbVie Inc.,Health Care
4,ACN,99.84B,37.63%,40.29B,7.30%,6.05B,4.37B,24.62M,1.33,-0.97%,2.42M,1.81M,0.24%,Accenture plc,Information Technology
5,ATVI,31.8B,5.59%,7.16B,-6.60%,1.95B,3.42B,2.67B,2.09,-41.04%,11.97M,22.59M,1.15%,Activision Blizzard,Information Technology
6,AYI,5.28B,20.58%,3.77B,10.70%,345.2M,214.8M,356.7M,1.92,-14.73%,426.88k,406.07k,1.15%,Acuity Brands Inc,Industrials
7,ADBE,127.48B,29.07%,9.03B,22.80%,4.03B,3.23B,4.13B,1.13,33.55%,3.94M,2.94M,0.31%,Adobe Systems Inc,Information Technology
8,AAP,12.24B,16.11%,9.51B,4.30%,881.3M,970.01M,1.05B,1.62,55.46%,1.2M,972.58k,0.30%,Advance Auto Parts,Consumer Discretionary
9,AMD,22.81B,36.20%,6.47B,5.90%,34M,1.16B,1.25B,1.78,94.91%,100.37M,82.84M,0.74%,Advanced Micro Devices Inc,Information Technology
10,AES,11.38B,9.41%,10.76B,5.30%,2.55B,1.59B,19.4B,1.24,66.28%,6.23M,4.78M,0.58%,AES Corp,Utilities
11,AMG,5.59B,10.28%,2.38B,-6.60%,,565.5M,1.83B,,-42.35%,657.61k,561.7k,0.75%,Affiliated Managers Group Inc,Financials
12,AFL,36.96B,12.15%,21.76B,-7.00%,,,5.78B,,12.16%,3.91M,3.32M,2.18%,AFLAC Inc,Financials
13,A,24.48B,6.72%,4.91B,8.80%,1.09B,2.25B,1.8B,3.29,11.33%,2.44M,1.56M,0.35%,Agilent Technologies Inc,Health Care
14,APD,37.63B,15.66%,8.94B,0.30%,2.64B,2.96B,3.78B,2.21,5.08%,1.29M,1.11M,0.23%,Air Products & Chemicals Inc,Materials
15,AKAM,11.29B,7.08%,2.67B,7.20%,919.61M,1.8B,1.55B,2.03,6.23%,1.53M,1.31M,3.01%,Akamai Technologies Inc,Information Technology
16,ALK,8.22B,11.70%,8.26B,5.20%,,1.24B,2.1B,0.61,-0.88%,1.72M,942.35k,0.41%,Alaska Air Group Inc,Industrials
17,ALB,8.54B,9.99%,3.31B,3.00%,606.08M,641.23M,1.7B,1.83,-25.44%,1.5M,1.01M,0.45%,Albemarle Corp,Materials
18,ARE,14.94B,5.60%,1.34B,14.10%,570.34M,236.79M,5.48B,1.46,11.08%,730.53k,792.48k,1.37%,Alexandria Real Estate Equities Inc,Real Estate
19,ALXN,27.77B,0.86%,4.13B,24.10%,426M,1.58B,3.22B,2.88,5.33%,1.75M,1.76M,0.19%,Alexion Pharmaceuticals,Health Care
20,ALGN,20.34B,33.31%,1.97B,26.70%,554.68M,735.36M,,1.88,4.64%,1.39M,952.8k,9.17%,Align Technology,Health Care
21,ALLE,8.84B,64.79%,2.65B,16.80%,437.6M,189.7M,1.45B,1.79,14.89%,676.16k,587.82k,0.30%,Allegion,Industrials
22,AGN,46.82B,-7.32%,15.79B,-5.70%,5.64B,1.91B,23.8B,1.33,-15.11%,2.98M,3.27M,0.28%,"Allergan, Plc",Health Care
23,ADS,9.21B,46.00%,7.79B,-2.40%,2.75B,3.86B,25.18B,,-32.95%,675.1k,1.07M,2.61%,Alliance Data Systems,Information Technology
24,LNT,10.98B,11.41%,3.52B,2.40%,974.3M,239.7M,5.89B,0.73,16.28%,1.96M,1.3M,0.15%,Alliant Energy Corp,Utilities
25,ALL,32B,10.27%,39.82B,-3.70%,,3.53B,6.45B,0.46,0.43%,2.44M,3.09M,0.31%,Allstate Corp,Financials
26,GOOGL,780.91B,18.62%,136.82B,21.50%,47.97B,109.14B,4.01B,3.92,4.55%,1.93M,2.39M,0.14%,Alphabet Inc Class A,Information Technology
27,GOOG,781.81B,18.62%,136.82B,21.50%,47.97B,109.14B,4.01B,3.92,4.08%,1.77M,2.07M,0.01%,Alphabet Inc Class C,Information Technology
28,MO,93.07B,46.07%,19.63B,1.50%,8.39B,1.33B,25.75B,0.2,-25.52%,13M,10.6M,0.12%,Altria Group Inc,Consumer Staples
29,AMZN,804.6B,28.27%,232.89B,19.70%,30.72B,41.25B,49.29B,1.1,12.48%,6.79M,4.48M,16.12%,Amazon.com Inc.,Consumer Discretionary
30,AEE,17.15B,9.07%,6.05B,0.00%,2.14B,11M,8.78B,0.64,28.07%,1.41M,1.24M,0.37%,Ameren Corp,Utilities
31,AAL,16.47B,75.17%,44.54B,3.20%,,4.76B,34.29B,0.48,-28.07%,8.67M,6.1M,39.98%,American Airlines Group,Industrials
32,AEP,39.6B,10.33%,16.2B,-0.20%,5.22B,603.2M,25.26B,0.48,22.13%,2.63M,2.46M,0.15%,American Electric Power,Utilities
33,AXP,90.63B,34.41%,36.99B,22.10%,,27B,61B,2.22,11.47%,4.13M,2.92M,0.29%,American Express Co,Financials
34,AIG,38.77B,-9.09%,47.38B,-2.30%,239M,11.58B,34.59B,0.62,-27.56%,7.01M,6.77M,0.08%,"American International Group, Inc.",Financials
35,AMT,76.02B,15.41%,7.01B,6.20%,3.27B,1.03B,21.26B,0.52,26.91%,2.04M,1.59M,0.19%,American Tower Corp A,Real Estate
36,AWK,17.64B,7.95%,3.41B,4.30%,1.42B,92M,8.41B,0.46,23.91%,1.03M,779k,0.25%,American Water Works Company Inc,Utilities
37,AMP,17.98B,36.22%,12.92B,1.10%,,3.1B,4.81B,5.91,-19.58%,1.07M,950.2k,0.36%,Ameriprise Financial,Financials
38,ABC,18.11B,37.94%,172.87B,12.20%,1.88B,2.54B,4.67B,0.94,-14.45%,1.48M,1.48M,27.12%,AmerisourceBergen Corp,Health Care
39,AME,17.95B,18.81%,4.85B,11.20%,,353.98M,2.63B,1.46,2.19%,1.49M,2M,1.64%,AMETEK Inc.,Industrials
40,AMGN,118.71B,44.48%,23.75B,7.40%,11.3B,29.3B,33.93B,2.79,5.60%,3.18M,3.47M,0.20%,Amgen Inc.,Health Care
41,APH,27.6B,30.02%,8.2B,14.40%,1.11B,1.29B,3.57B,1.87,3.68%,1.58M,1.05M,0.42%,Amphenol Corp,Information Technology
42,APC,21.58B,6.08%,13.07B,7.50%,,1.3B,16.42B,0.81,-25.57%,5.33M,8.17M,0.30%,Anadarko Petroleum Corp,Energy
43,ADI,38.43B,14.14%,6.2B,3.60%,2.44B,816.59M,6.33B,1.5,20.64%,2.99M,2.73M,0.33%,"Analog Devices, Inc.",Information Technology
45,ANSS,14.62B,13.19%,1.18B,5.00%,456.98M,729.39M,,2.71,11.04%,565.99k,324.17k,1.08%,ANSYS,Information Technology
46,ANTM,79.26B,13.63%,92.1B,3.10%,3.83B,22.14B,19.82B,1.56,29.44%,1.65M,1.36M,0.16%,Anthem Inc.,Health Care
47,AON,41.25B,24.81%,10.77B,-4.80%,1.69B,828M,6.24B,1.08,22.65%,1.11M,1.18M,1.14%,Aon plc,Financials
48,APA,11.8B,13.32%,7.2B,44.30%,3.4B,593M,8.2B,1.26,-19.50%,4.89M,4.2M,0.27%,Apache Corporation,Energy
50,AAPL,805.79B,46.05%,261.61B,-4.50%,75.83B,86.43B,114.73B,1.3,3.10%,41.17M,28.72M,0.08%,Apple Inc.,Information Technology
51,AMAT,38.81B,40.93%,17.25B,1.10%,3.79B,4.03B,5.31B,2.64,-19.48%,12.8M,13.34M,0.31%,Applied Materials Inc.,Information Technology
52,APTV,20.06B,30.81%,14.44B,5.70%,1.63B,567M,4.34B,1.29,-16.21%,2.16M,2.03M,0.34%,Aptiv Plc,Consumer Discretionary
53,ADM,23.74B,9.70%,64.34B,-0.80%,-4.78B,2B,8.39B,87.98,1.62%,3.68M,5.66M,0.28%,Archer-Daniels-Midland Co,Consumer Staples
54,ARNC,8.66B,12.22%,14.01B,6.10%,217M,2.28B,6.33B,1.87,-29.42%,6.13M,7.38M,0.31%,Arconic Inc.,Industrials
55,AJG,14.66B,15.24%,6.71B,8.90%,765.1M,607.2M,3.61B,1.05,19.27%,1.19M,1.21M,1.13%,Arthur J. Gallagher & Co.,Financials
56,AIZ,6.13B,11.49%,7.42B,43.10%,618.6M,1.91B,2.01B,0.67,10.41%,438.75k,443.4k,0.94%,Assurant Inc.,Financials
57,T,217.08B,11.88%,170.76B,15.20%,43.6B,5.2B,176.5B,0.8,-18.83%,39.37M,30.4M,0.07%,AT&T Inc.,Telecommunication Services
58,ADSK,34.94B,,2.39B,28.30%,144.9M,1.08B,1.59B,0.8,40.79%,2.02M,1.55M,0.17%,Autodesk Inc.,Information Technology
59,ADP,65.13B,36.83%,13.84B,8.30%,2.77B,2.79B,3.21B,1.05,31.92%,2.57M,2.33M,0.14%,Automatic Data Processing,Information Technology
60,AZO,22.46B,,11.27B,2.00%,1.96B,309.28M,5.16B,0.93,24.73%,352.81k,272.42k,0.75%,AutoZone Inc,Consumer Discretionary
61,AVB,26.67B,9.27%,2.29B,10.20%,,91.66M,7.04B,,22.37%,627.7k,598.25k,0.26%,"AvalonBay Communities, Inc.",Real Estate
62,AVY,9.02B,46.71%,7.16B,1.90%,457.9M,232M,1.97B,1.15,-12.73%,772.67k,592.38k,0.52%,Avery Dennison Corp,Materials
63,BHGE,25.6B,0.76%,22.88B,8.70%,1.76B,3.72B,7.23B,1.66,-4.32%,7.46M,5.04M,0.26%,"Baker Hughes, a GE Company",Energy
64,BLL,18.62B,11.91%,11.64B,2.00%,1.57B,721M,6.73B,0.96,42.61%,3.35M,2.89M,0.90%,Ball Corp,Materials
65,BAC,277.41B,10.57%,87.96B,12.30%,,704.1B,474.41B,,-8.88%,73.97M,49.57M,0.08%,Bank of America Corp,Financials
66,BAX,38.57B,17.88%,11.13B,2.40%,,2.86B,3.49B,,10.99%,4.03M,2.31M,0.09%,Baxter International Inc.,Health Care
67,BBT,38.79B,10.88%,10.99B,2.30%,,3.88B,28.89B,,-5.93%,5.47M,9.08M,0.75%,BB&T Corporation,Financials
68,BDX,66.26B,4.91%,17.06B,35.10%,2.79B,948M,21.07B,0.97,12.71%,1.15M,1.18M,0.26%,Becton Dickinson,Health Care
70,BBY,16.11B,30.51%,43.44B,2.90%,2.04B,1.48B,1.35B,1.1,-16.62%,4.21M,2.11M,14.67%,Best Buy Co. Inc.,Consumer Discretionary
71,BIIB,62.83B,34.91%,13.45B,6.60%,6.19B,3.54B,5.94B,2.32,-0.04%,1.31M,1.5M,0.42%,Biogen Inc.,Health Care
72,BLK,67.45B,13.16%,14.2B,-1.00%,,8.8B,5.03B,,-20.83%,751.19k,510.57k,3.77%,BlackRock,Financials
73,HRB,4.95B,,3.18B,5.70%,870.77M,600.8M,1.49B,2.05,-7.60%,3.3M,3.11M,0.43%,Block H&R,Financials
74,BA,232.05B,985.40%,101.13B,14.40%,15.32B,8.56B,13.85B,1.08,17.71%,4.53M,4.95M,0.10%,Boeing Company,Industrials
75,BKNG,87.81B,24.50%,14.12B,9.40%,5.43B,7.13B,8.71B,2.41,3.73%,417.51k,331.03k,0.29%,Booking Holdings Inc,Consumer Discretionary
76,BWA,8.36B,14.96%,10.54B,2.60%,1.11B,361.8M,2.14B,1.66,-25.79%,1.77M,1.66M,0.55%,BorgWarner,Consumer Discretionary
77,BXP,22.85B,8.73%,2.7B,7.00%,,543.36M,11.01B,3.47,14.74%,767.95k,796.05k,0.15%,Boston Properties,Real Estate
78,BSX,55.41B,21.84%,9.82B,6.40%,,168M,6.63B,,50.56%,7.48M,8.39M,0.24%,Boston Scientific,Health Care
79,BHF,4.82B,0.72%,6.78B,-28.70%,2.86B,2.89B,9.05B,2.16,-33.35%,1.37M,899.42k,0.18%,Brighthouse Financial Inc,Financials
80,BMY,81.15B,38.90%,22.56B,9.60%,,6.83B,7.31B,,-21.56%,13.77M,14.77M,0.16%,Bristol-Myers Squibb,Health Care
81,AVGO,113.79B,50.67%,20.85B,12.40%,8.88B,4.29B,17.49B,3.89,12.15%,3.72M,2.32M,0.22%,Broadcom,Information Technology
83,CHRW,12.51B,43.99%,16.63B,4.50%,792.9M,378.62M,1.35B,1.92,-2.84%,1.31M,1.19M,0.49%,C. H. Robinson Worldwide,Industrials
84,COG,10.65B,10.03%,1.9B,42.10%,967.96M,316.08M,1.29B,1.69,2.87%,6.87M,4.33M,1.65%,Cabot Oil & Gas,Energy
85,CDNS,14.71B,20.54%,2.07B,9.70%,599.72M,550.03M,345.11M,1.64,34.14%,1.58M,1.51M,1.28%,Cadence Design Systems,Information Technology
86,CPB,10.4B,11.60%,9.22B,24.70%,1.35B,205M,9.85B,0.69,-26.77%,2.77M,2.45M,44.36%,Campbell Soup,Consumer Staples
87,COF,37.32B,12.00%,22.22B,5.70%,,13.19B,58.91B,,-18.12%,2.97M,3.06M,0.68%,Capital One Financial,Financials
88,CAH,16.25B,-0.54%,141.94B,7.30%,2.04B,2.18B,9.05B,1.05,-19.03%,3.58M,4.17M,0.32%,Cardinal Health Inc.,Health Care
89,KMX,10.35B,22.92%,18.88B,5.10%,227.2M,35.05M,13.88B,2.5,-4.26%,1.93M,1.8M,0.53%,Carmax Inc,Consumer Discretionary
90,CCL,39.14B,12.95%,18.88B,4.60%,5.55B,982M,10.34B,0.24,-17.35%,4.22M,3.11M,17.33%,Carnival Corp.,Consumer Discretionary
91,CAT,78.29B,44.16%,54.72B,11.20%,6.56B,7.86B,36.55B,1.37,-16.26%,5.39M,3.45M,0.14%,Caterpillar Inc.,Industrials
93,CBRE,15.88B,19.19%,16.13B,13.40%,827.22M,550.47M,3.49B,1.16,5.94%,1.77M,1.37M,0.87%,CBRE Group,Real Estate
94,CBS,18.1B,52.25%,14.41B,2.90%,1.08B,182M,9.85B,1.51,-12.04%,3.04M,1.93M,7.77%,CBS Corp.,Consumer Discretionary
95,CELG,62.38B,68.69%,15.28B,15.90%,,4.39B,20.29B,,-2.29%,10.31M,9.75M,0.17%,Celgene Corp.,Health Care
96,CNC,26.01B,9.99%,56.69B,35.00%,1.23B,6.06B,6.69B,1.0,20.29%,3.57M,4.55M,2.27%,Centene Corporation,Health Care
97,CNP,15.46B,33.84%,10.19B,5.40%,2.07B,920M,7.78B,1.06,15.02%,5.28M,4.79M,0.17%,CenterPoint Energy,Utilities
98,CTL,15.72B,10.04%,22.99B,44.20%,6.21B,390M,36.53B,0.78,-18.01%,13.89M,16.55M,0.74%,CenturyLink Inc,Telecommunication Services
99,CERN,19.38B,12.97%,5.37B,3.90%,1.45B,775.41M,443.72M,2.41,-7.99%,2.23M,2.96M,4.42%,Cerner,Health Care
100,CF,9.9B,13.48%,4.4B,19.50%,1.47B,1.02B,4.7B,2.03,7.59%,3.09M,2.67M,6.01%,CF Industries Holdings Inc,Materials
101,SCHW,61.96B,17.82%,10.13B,19.00%,,30.82B,6.85B,0.2,-12.53%,8.13M,6.78M,11.12%,Charles Schwab Corporation,Financials
102,CHTR,86.76B,3.28%,43.63B,5.90%,11.77B,551M,72.83B,0.23,-5.02%,1.39M,1.19M,27.98%,Charter Communications,Consumer Discretionary
103,CVX,226.85B,9.78%,158.9B,16.90%,30.6B,9.75B,36.11B,,3.23%,7.32M,6.28M,0.05%,Chevron Corp.,Energy
104,CMG,16.42B,12.59%,4.86B,10.40%,621.55M,676.8M,,1.81,140.07%,757.94k,1.5M,2.52%,Chipotle Mexican Grill,Consumer Discretionary
105,CB,60.94B,7.81%,32.68B,-5.40%,,4.26B,14.83B,0.35,-10.03%,1.77M,2.13M,0.58%,Chubb Limited,Financials
106,CHD,15.8B,24.34%,4.15B,4.00%,763.6M,316.7M,2.11B,0.81,31.95%,2.06M,3.33M,0.25%,Church & Dwight,Consumer Staples
107,CI,70.31B,9.65%,48.57B,35.40%,3.86B,5.9B,42.48B,0.65,-6.42%,2.91M,3.13M,1.64%,CIGNA Corp.,Health Care
108,XEC,6.98B,23.96%,2.27B,27.60%,1.5B,863.95M,1.49B,1.69,-27.57%,1.41M,1.12M,1.66%,Cimarex Energy,Energy
109,CINF,13.79B,3.57%,5.41B,-49.70%,,784M,866M,1.24,13.64%,738.09k,958.75k,6.77%,Cincinnati Financial,Financials
110,CTAS,20.97B,33.71%,6.67B,7.00%,929.72M,88.48M,2.71B,1.99,26.62%,627.99k,418.63k,15.48%,Cintas Corporation,Industrials
111,CSCO,215.31B,2.31%,50.27B,7.70%,14.35B,42.59B,25.65B,2.11,15.40%,25.08M,18.13M,0.07%,Cisco Systems,Information Technology
112,C,148.43B,9.07%,65.5B,0.20%,,714.81B,442.12B,,-18.05%,21M,14.48M,0.09%,Citigroup Inc.,Financials
113,CFG,16.79B,8.38%,5.8B,7.80%,,4.54B,17.53B,,-20.14%,5.57M,4.66M,0.25%,Citizens Financial Group,Financials
114,CTXS,14.21B,74.57%,2.97B,3.10%,1.04B,1.2B,1.9B,0.72,20.92%,1.9M,1.74M,1.10%,Citrix Systems,Information Technology
115,CME,64.02B,20.45%,3.97B,1.50%,2.48B,1.49B,3.42B,1.09,10.71%,2.02M,1.8M,1.64%,CME Group Inc.,Financials
116,CMS,14.96B,14.22%,6.87B,2.90%,1.7B,153M,11.78B,0.94,22.72%,2.46M,2.02M,0.59%,CMS Energy,Utilities
117,KO,211.38B,14.73%,32.31B,-9.20%,6.93B,18.85B,44.91B,1.06,12.27%,13.94M,10.92M,0.78%,Coca-Cola Company (The),Consumer Staples
118,CTSH,42.53B,19.02%,16.12B,7.90%,2.59B,4.51B,745M,3.12,-6.58%,3.85M,4.85M,0.28%,Cognizant Technology Solutions,Information Technology
119,CL,57.26B,1162.73%,15.54B,-2.10%,3.06B,736M,6.37B,1.14,-6.42%,4.79M,3.6M,0.39%,Colgate-Palmolive,Consumer Staples
120,CMCSA,168.55B,16.40%,94.51B,26.10%,24.3B,3.81B,111.74B,0.79,-5.03%,21.79M,20.47M,0.69%,Comcast Corp.,Consumer Discretionary
121,CMA,13.49B,15.97%,3.33B,4.30%,,4.56B,6.51B,,-11.49%,2.33M,2.33M,0.92%,Comerica Inc.,Financials
122,CAG,11.52B,13.21%,8.18B,9.70%,795.4M,442.3M,11.56B,1.47,-35.69%,8.08M,9.14M,0.76%,Conagra Brands,Consumer Staples
123,CXO,23.17B,8.04%,3.78B,90.90%,2.37B,24M,4.23B,0.55,-17.82%,1.88M,1.54M,1.04%,Concho Resources,Energy
124,COP,76.78B,20.06%,37.49B,19.90%,12.93B,7.62B,14.97B,1.79,25.17%,6.6M,5.36M,0.13%,ConocoPhillips,Energy
125,ED,24.47B,10.04%,12.35B,3.60%,2.74B,199M,17.96B,0.62,1.56%,2.44M,1.85M,0.18%,Consolidated Edison,Utilities
126,STZ,32.63B,32.15%,8.09B,9.50%,2.44B,130.6M,13.57B,1.08,-19.07%,2.56M,1.83M,5.25%,Constellation Brands,Consumer Staples
127,GLW,26.81B,7.19%,11.29B,15.10%,2.92B,2.36B,6B,2.12,14.09%,5.88M,4.32M,0.29%,Corning Inc.,Information Technology
128,COST,93.34B,26.62%,144.84B,10.20%,5.94B,7.95B,6.48B,1.02,13.34%,2.54M,2.04M,0.53%,Costco Wholesale Corp.,Consumer Staples
129,COTY,8.17B,-13.17%,9.06B,-4.80%,343.6M,417.5M,7.82B,0.96,-53.02%,11.8M,18.95M,41.40%,"Coty, Inc",Consumer Staples
130,CCI,48.7B,5.51%,5.42B,14.60%,2.5B,277M,16.68B,0.87,11.36%,2.23M,1.86M,0.34%,Crown Castle International Corp.,Real Estate
132,CSX,58.01B,24.24%,12.25B,9.80%,4.64B,1.11B,14.76B,1.34,29.22%,5.59M,5.33M,0.27%,CSX Corp.,Industrials
133,CMI,23.92B,26.63%,23.77B,11.90%,2.38B,1.52B,2.48B,1.54,-10.54%,1.37M,1.41M,0.25%,Cummins Inc.,Industrials
134,CVS,86.66B,8.71%,188.05B,2.40%,6.25B,41.69B,62.89B,2.44,-7.15%,10M,7.21M,0.24%,CVS Health,Consumer Staples
135,DHI,15.16B,17.98%,16.25B,5.60%,247.1M,704.2M,3.34B,5.92,-15.81%,6.11M,5.19M,8.22%,D. R. Horton,Consumer Discretionary
136,DHR,78.13B,9.71%,19.89B,5.50%,4.02B,787.8M,9.74B,1.47,15.48%,2.64M,1.78M,11.64%,Danaher Corp.,Health Care
137,DRI,13.77B,32.12%,8.3B,4.90%,1.12B,139.7M,972.1M,0.41,16.44%,1.5M,1.22M,0.19%,Darden Restaurants,Consumer Discretionary
138,DVA,9.52B,14.06%,11.38B,2.80%,1.59B,452.94M,10.22B,1.84,-23.86%,1.63M,1.4M,2.15%,DaVita Inc.,Health Care
139,DE,52.84B,22.71%,37.32B,23.30%,1.82B,3.29B,42.61B,1.93,0.40%,2.45M,1.85M,0.22%,Deere & Co.,Industrials
140,DAL,34.08B,28.53%,44.44B,4.90%,,1.77B,17.6B,0.35,-2.99%,7.72M,6.19M,49.61%,Delta Air Lines Inc.,Industrials
141,XRAY,9.57B,-26.30%,4.02B,-8.00%,526.5M,233.1M,1.73B,1.76,-24.60%,2.36M,1.46M,0.70%,Dentsply Sirona,Health Care
142,DVN,12.15B,-0.20%,14.22B,32.30%,2.89B,3.1B,6.05B,1.48,-26.41%,8.21M,6.35M,0.51%,Devon Energy Corp.,Energy
143,DLR,24.22B,3.10%,3.08B,6.80%,,126.7M,11.1B,0.56,7.71%,1.43M,2.04M,0.05%,Digital Realty Trust Inc,Real Estate
144,DFS,23.08B,24.90%,9.48B,28.30%,,18.51B,27.23B,1.49,-11.27%,2.46M,2.27M,16.34%,Discover Financial Services,Financials
145,DISCA,20.41B,-9.25%,9.61B,57.00%,2.11B,571M,17.48B,1.01,21.72%,4.19M,3.79M,1.80%,Discovery Inc. Class A,Consumer Discretionary
146,DISCK,20.51B,-9.25%,9.61B,57.00%,2.11B,571M,17.48B,1.01,20.57%,2.84M,1.33M,3.30%,Discovery Inc. Class C,Consumer Discretionary
147,DISH,14.62B,36.97%,13.8B,-5.30%,2.57B,1.87B,15.16B,0.62,-29.73%,3.23M,2.69M,3.58%,Dish Network,Consumer Discretionary
148,DG,31.02B,30.06%,25.1B,8.70%,2.17B,260.69M,2.9B,1.55,21.05%,2.52M,1.31M,0.14%,Dollar General,Consumer Discretionary
149,DLTR,23.34B,24.98%,22.98B,4.20%,1.97B,708.3M,5.04B,2.22,-6.91%,2.99M,1.61M,2.78%,Dollar Tree,Consumer Discretionary
150,D,57.74B,12.31%,13.37B,4.70%,4.77B,391M,35.17B,0.68,-3.01%,5.24M,4.03M,0.29%,Dominion Energy,Utilities
151,DOV,13.17B,16.53%,6.99B,-10.30%,774.93M,396.22M,3.16B,1.37,10.26%,1.42M,1.34M,2.58%,Dover Corp.,Industrials
152,DWDP,121.07B,4.04%,85.98B,0.20%,,13.53B,40.46B,2.01,-26.50%,12.25M,12.72M,0.43%,DowDuPont,Materials
154,DTE,21.74B,10.80%,14.21B,14.60%,2.68B,71M,14.24B,0.74,16.47%,1.19M,1.11M,0.69%,DTE Energy Co.,Utilities
155,DUK,64.32B,6.84%,23.81B,2.20%,7.32B,303M,56.85B,0.68,16.98%,3.45M,3.04M,0.07%,Duke Energy,Utilities
156,DRE,10.77B,8.26%,969.31M,66.20%,,17.9M,2.66B,3.01,16.00%,2.38M,2.3M,0.20%,Duke Realty Corp,Real Estate
157,DXC,17.99B,14.00%,23.88B,-5.20%,2.27B,2.48B,7.56B,1.0,-20.06%,2.81M,2.53M,0.36%,DXC Technology,Information Technology
158,ETFC,11.7B,15.59%,2.96B,12.70%,,3.34B,1.41B,1.42,-7.33%,3.01M,3.01M,0.43%,E*Trade,Financials
159,EMN,11.39B,18.89%,10.15B,0.60%,1.54B,193M,6.63B,,-18.94%,1.34M,1.29M,0.37%,Eastman Chemical,Materials
160,ETN,33.23B,12.84%,21.61B,4.70%,,440M,7.52B,1.47,-7.58%,2.74M,2.33M,0.22%,Eaton Corporation,Industrials
161,EBAY,33.11B,35.28%,10.75B,10.10%,2.66B,4.91B,9.24B,1.6,-15.56%,14.35M,12.24M,5.23%,eBay Inc.,Information Technology
162,ECL,46.91B,21.10%,14.56B,5.10%,2.1B,203.6M,7.1B,1.34,23.78%,1.1M,1.05M,0.48%,Ecolab Inc.,Materials
163,EIX,19.57B,2.97%,12.87B,16.30%,3.16B,71M,14.81B,0.72,-2.91%,3.3M,2.7M,0.06%,Edison Int'l,Utilities
164,EW,37.13B,23.69%,3.72B,10.00%,,956.5M,593.8M,2.61,36.09%,1.31M,1.04M,3.94%,Edwards Lifesciences,Health Care
165,EA,30.66B,30.05%,5.29B,11.10%,1.56B,5.16B,994M,2.99,-20.48%,5.93M,20.82M,0.52%,Electronic Arts,Information Technology
166,EMR,41.84B,27.57%,17.74B,8.70%,2.77B,1.25B,5.96B,0.88,-4.92%,4.63M,5.03M,0.63%,Emerson Electric Company,Industrials
167,ETR,17.08B,4.98%,11.12B,-4.30%,2.77B,987.98M,18.48B,0.64,20.72%,1.41M,1.03M,0.27%,Entergy Corp.,Utilities
168,EOG,55.46B,30.54%,16.35B,77.40%,7.01B,1.27B,6.43B,1.09,-8.06%,3.66M,2.61M,0.48%,EOG Resources,Energy
169,EQT,4.8B,1.05%,4.61B,86.30%,2.87B,4.86M,8.51B,0.47,-28.72%,7.8M,3.55M,0.71%,EQT Corporation,Energy
170,EFX,13.07B,14.18%,3.42B,-0.10%,714.7M,253.4M,2.63B,1.19,-6.37%,1.27M,1.04M,0.47%,Equifax Inc.,Industrials
171,EQIX,31.95B,4.68%,5.02B,11.70%,1.75B,870.49M,11.35B,1.23,-8.29%,585.53k,485.53k,0.50%,Equinix,Real Estate
172,EQR,27.81B,6.34%,2.58B,3.50%,,47.44M,8.82B,0.13,28.90%,1.71M,1.47M,1.89%,Equity Residential,Real Estate
173,ESS,18.9B,6.43%,1.47B,6.20%,,151.4M,5.61B,0.75,22.07%,351.46k,290.75k,2.19%,"Essex Property Trust, Inc.",Real Estate
174,EL,55.23B,36.79%,14.19B,7.00%,2.41B,2.4B,3.39B,1.71,11.77%,2.46M,3.98M,1.13%,Estee Lauder Cos.,Consumer Staples
175,RE,8.63B,12.97%,7.41B,9.50%,662.1M,1.33B,633.56M,2.21,-7.47%,297.54k,228.55k,25.45%,Everest Re Group Ltd.,Financials
176,ES,22.27B,9.21%,8.31B,14.20%,1.94B,59.09M,14.24B,0.59,21.75%,1.78M,1.56M,0.45%,Eversource Energy,Utilities
177,EXC,46.34B,6.39%,35.98B,5.10%,8.64B,1.35B,36.53B,1.17,29.15%,5.62M,6.35M,0.25%,Exelon Corp.,Utilities
178,EXPE,18.63B,6.73%,11.22B,10.30%,1.98B,2.47B,3.72B,0.64,24.44%,1.57M,2.92M,12.97%,Expedia Inc.,Consumer Discretionary
179,EXPD,12.6B,30.86%,7.8B,16.00%,597.14M,990.61M,,1.99,12.75%,1.23M,970.1k,0.63%,Expeditors International,Industrials
181,EXR,13.08B,21.23%,1.19B,7.80%,676.77M,120.67M,4.76B,1.49,21.05%,919.92k,654.8k,3.29%,Extra Space Storage,Real Estate
182,XOM,319.47B,10.95%,290.21B,6.00%,,5.67B,40.04B,,-2.88%,15.05M,12.66M,0.09%,Exxon Mobil Corp.,Energy
183,FFIV,9.81B,37.64%,2.18B,3.90%,768.97M,1.13B,,1.55,14.51%,709.25k,462.43k,0.28%,F5 Networks,Information Technology
184,FB,471.02B,27.91%,55.84B,30.40%,29.27B,41.11B,500M,7.19,-4.25%,25.61M,16.44M,1.28%,"Facebook, Inc.",Information Technology
185,FAST,17.97B,34.18%,4.97B,13.10%,674.2M,167.2M,500M,5.3,15.49%,3.2M,2.33M,0.25%,Fastenal Co,Industrials
186,FRT,10.08B,9.70%,901.2M,4.80%,484.42M,42.01M,3.26B,1.85,23.78%,436.33k,353.92k,0.88%,Federal Realty Investment Trust,Real Estate
187,FDX,48.41B,27.35%,68.72B,9.30%,5.35B,2.12B,17.29B,1.41,-24.65%,2.56M,1.8M,5.86%,FedEx Corporation,Industrials
188,FIS,34.89B,15.52%,8.88B,-0.60%,1.95B,632M,9.04B,1.34,13.44%,1.47M,1.75M,0.59%,Fidelity National Information Services,Information Technology
189,FITB,17.5B,13.44%,6.69B,12.50%,,2.97B,16.92B,,-17.85%,5.81M,5.49M,0.16%,Fifth Third Bancorp,Financials
190,FE,20.21B,-24.94%,13.93B,5.40%,1.6B,436M,19.44B,0.45,22.59%,5.13M,6.68M,4.24%,FirstEnergy Corp,Utilities
191,FISV,33.01B,47.25%,5.82B,2.30%,1.6B,415M,5.96B,1.11,21.64%,4.52M,5.24M,0.30%,Fiserv Inc,Information Technology
192,FLIR,7.03B,6.98%,1.82B,-6.40%,374.76M,557.64M,421.63M,4.21,2.84%,1.1M,758.78k,0.90%,FLIR Systems,Information Technology
193,FLS,5.99B,-2.66%,3.88B,7.80%,265.04M,529.94M,1.5B,2.23,8.25%,1.2M,795.48k,0.24%,Flowserve Corporation,Industrials
194,FLR,5.15B,8.92%,19.39B,-5.70%,40.05M,1.92B,1.72B,1.52,-38.37%,2.09M,2.04M,0.45%,Fluor Corp.,Industrials
195,FMC,11.08B,8.95%,4.49B,60.30%,430M,177.1M,2.74B,1.54,3.54%,989.5k,907.45k,0.89%,FMC Corporation,Materials
196,FL,6.54B,13.08%,7.88B,-0.50%,739M,748M,124M,3.42,22.08%,2.8M,1.57M,22.75%,Foot Locker Inc,Consumer Discretionary
197,F,33.65B,10.40%,160.34B,1.10%,15.02B,23.04B,154.21B,1.19,-21.34%,44.22M,34.81M,23.80%,Ford Motor,Consumer Discretionary
198,FTV,26.37B,17.62%,6.45B,-2.70%,1.34B,1.18B,3.43B,1.45,4.07%,1.8M,2.11M,12.23%,Fortive Corp,Industrials
199,FBHS,6.66B,16.31%,5.49B,2.80%,604M,262.9M,2.33B,1.13,-28.39%,1.98M,2.02M,0.62%,Fortune Brands Home & Security,Industrials
200,BEN,15.87B,12.45%,6.12B,-12.60%,2.18B,8.31B,730.4M,4.72,-21.34%,3.78M,2.36M,45.01%,Franklin Resources,Financials
201,FCX,16.65B,19.93%,18.63B,-26.90%,3.86B,4.22B,11.14B,3.19,-35.22%,22.64M,20.39M,0.54%,Freeport-McMoRan Inc.,Materials
202,GPS,9.59B,28.84%,16.73B,6.50%,1.35B,1.25B,1.25B,1.97,-23.40%,4.96M,3.32M,37.49%,Gap Inc.,Consumer Discretionary
203,GRMN,13.51B,16.66%,3.28B,7.80%,900.05M,1.23B,,2.81,13.01%,921.89k,772.33k,32.30%,Garmin Ltd.,Consumer Discretionary
204,IT,12.85B,16.15%,3.9B,7.30%,448.26M,211M,2.17B,0.65,18.33%,728.92k,1.63M,3.13%,Gartner Inc,Information Technology
205,GD,49.88B,28.99%,36.19B,25.40%,3.13B,963M,12.42B,1.23,-19.30%,1.69M,1.56M,5.78%,General Dynamics,Industrials
206,GE,86.81B,-30.18%,121.61B,0.30%,,21B,110B,54.62,-31.63%,127.54M,104.08M,0.15%,General Electric,Industrials
208,GIS,26.76B,31.88%,16.28B,5.10%,2.67B,532.7M,15.26B,0.58,-19.71%,5.93M,3.84M,0.30%,General Mills,Consumer Staples
209,GM,55.01B,20.45%,147.05B,1.80%,15.26B,21.91B,104.95B,0.92,-6.69%,11.93M,11.96M,7.23%,General Motors,Consumer Discretionary
210,GPC,15.49B,20.75%,18.34B,15.30%,1.2B,359.1M,2.91B,1.33,7.11%,935.75k,1.27M,2.84%,Genuine Parts,Consumer Discretionary
211,GILD,84.6B,25.98%,22.13B,-2.60%,,31.51B,31.54B,3.36,-16.30%,7.83M,7.76M,0.65%,Gilead Sciences,Health Care
212,GPN,18.58B,16.56%,3.54B,-17.40%,813.27M,992.43M,5.49B,1.03,8.58%,1.4M,1.49M,0.79%,Global Payments Inc.,Information Technology
213,GS,74.08B,12.11%,35.94B,0.30%,,466B,378B,2.73,-25.12%,4.38M,2.47M,1.41%,Goldman Sachs Group,Financials
214,GT,4.3B,14.27%,15.48B,-4.80%,916M,801M,5.76B,1.24,-36.43%,4.34M,6.19M,0.35%,Goodyear Tire & Rubber,Consumer Discretionary
215,GWW,17.46B,41.98%,11.22B,5.00%,1.06B,538M,2.22B,2.37,13.07%,570.59k,366.12k,17.36%,Grainger (W.W.) Inc.,Industrials
216,HAL,27.02B,18.52%,24B,-0.10%,3.16B,2.01B,10.46B,2.3,-36.27%,11.46M,7.49M,0.28%,Halliburton Co.,Energy
217,HBI,6.71B,66.78%,6.8B,7.50%,643.4M,433.02M,3.98B,1.73,-7.73%,6.61M,11.06M,1.33%,Hanesbrands Inc,Consumer Discretionary
218,HOG,5.8B,29.38%,5.72B,-6.80%,1.21B,1.21B,7.6B,1.25,-24.47%,2.42M,1.7M,0.63%,Harley-Davidson,Consumer Discretionary
219,HRS,19.1B,27.04%,6.45B,8.50%,847M,343M,3.82B,1.27,4.99%,1.21M,1.03M,0.38%,Harris Corporation,Information Technology
220,HIG,17.49B,11.17%,18.95B,2.10%,,4.4B,4.68B,2.24,-10.62%,2.87M,2.75M,0.38%,Hartford Financial Svc.Gp.,Financials
221,HAS,11.33B,12.30%,4.58B,-13.00%,646M,1.18B,1.7B,2.42,-6.99%,1.34M,2.24M,8.75%,Hasbro Inc.,Consumer Discretionary
222,HCA,48.26B,,46.68B,6.20%,6.76B,502M,32.82B,1.35,40.17%,1.8M,1.09M,21.15%,HCA Holdings,Health Care
223,HCP,14.78B,3.15%,1.85B,0.40%,842.06M,78.86M,6.8B,2.64,36.36%,3.6M,2.17M,0.21%,HCP Inc.,Real Estate
224,HP,6.13B,0.02%,2.67B,31.30%,674.41M,269.53M,490.8M,2.7,-12.63%,1.65M,1.21M,3.06%,Helmerich & Payne,Energy
225,HSIC,9.3B,11.58%,13.14B,3.80%,628.77M,119.74M,2.16B,1.3,14.26%,2M,3.08M,1.06%,Henry Schein,Health Care
226,HES,16.34B,-0.99%,6.15B,2.40%,1.94B,2.69B,6.67B,2.02,25.19%,4.77M,3.25M,11.60%,Hess Corporation,Energy
227,HPE,22.38B,8.99%,30.85B,3.70%,2.96B,4.88B,12.14B,1.0,2.39%,11.65M,7.35M,0.21%,Hewlett Packard Enterprise,Information Technology
228,HLT,22.04B,142.90%,3.66B,5.00%,1.24B,621M,7.57B,0.84,-10.59%,3.2M,2.58M,1.48%,Hilton Worldwide Holdings Inc,Consumer Discretionary
229,HOLX,13.03B,-15.01%,3.26B,5.00%,668.4M,314.4M,3.15B,1.3,15.85%,2.48M,1.59M,0.26%,Hologic,Health Care
230,HD,209.55B,546.52%,105.6B,5.10%,12.33B,1.76B,25.78B,1.09,-0.44%,5.52M,3.25M,0.11%,Home Depot,Consumer Discretionary
231,HON,109.63B,38.98%,41.8B,-10.30%,6.43B,10.91B,16.21B,1.29,4.32%,3.24M,3.45M,0.34%,Honeywell Int'l Inc.,Industrials
232,HRL,23.4B,19.21%,9.55B,1.30%,1.24B,459.14M,624.84M,1.8,30.41%,3.18M,2.4M,48.29%,Hormel Foods Corp.,Consumer Staples
233,HST,13.49B,12.65%,5.54B,3.70%,1.3B,1.27B,4.08B,6.36,-8.30%,6.47M,6.59M,1.20%,Host Hotels & Resorts,Real Estate
234,HPQ,36.27B,,58.47B,10.30%,4.53B,5.88B,6.01B,0.85,11.08%,10.36M,6.73M,0.20%,HP Inc.,Information Technology
235,HUM,40.17B,16.83%,56.91B,7.40%,2.17B,12.37B,6.24B,1.68,9.58%,1.12M,999.15k,0.23%,Humana Inc.,Health Care
236,HBAN,14.51B,12.71%,4.28B,5.70%,,2.83B,10.64B,,-11.53%,12.88M,13.38M,0.87%,Huntington Bancshares,Financials
237,HII,9.2B,38.90%,7.97B,11.80%,700M,68M,1.28B,1.14,-11.33%,416.99k,280.92k,2.15%,Huntington Ingalls Industries,Industrials
238,IDXX,18.07B,,2.21B,8.50%,400.08M,123.79M,1B,0.85,17.82%,571.69k,473.18k,1.65%,IDEXX Laboratories,Health Care
239,INFO,21.1B,6.72%,4.01B,13.00%,1.29B,120M,5.68B,0.47,16.14%,2.36M,1.62M,7.14%,IHS Markit Ltd.,Industrials
240,ITW,46B,65.32%,14.77B,-1.40%,,1.5B,7.38B,1.63,-15.83%,1.66M,1.7M,0.19%,Illinois Tool Works,Industrials
241,ILMN,42.95B,22.75%,3.33B,11.60%,1.14B,3.51B,2B,2.49,29.00%,1.08M,890.18k,0.38%,Illumina Inc,Health Care
242,INCY,17.32B,-6.13%,1.8B,17.90%,163.12M,1.38B,24.87M,4.03,-8.88%,1.61M,1.05M,0.48%,Incyte,Health Care
243,IR,25.49B,19.33%,15.67B,7.70%,1.41B,903.4M,4.09B,1.33,13.57%,1.67M,1.46M,0.40%,Ingersoll-Rand PLC,Industrials
244,INTC,224.89B,29.32%,70.85B,9.40%,29.43B,11.65B,26.36B,1.73,9.69%,27.9M,23.15M,0.05%,Intel Corp.,Information Technology
245,ICE,43.28B,11.78%,4.97B,14.10%,2.53B,724M,7.44B,1.01,9.26%,2.99M,3.74M,93.09%,Intercontinental Exchange,Financials
246,IBM,123.64B,50.34%,79.59B,-3.50%,15.25B,12B,45.81B,1.29,-11.12%,5.38M,4.16M,0.11%,International Business Machines,Information Technology
247,IP,19.05B,24.02%,23.31B,4.20%,3.23B,589M,10.65B,1.49,-21.39%,3.3M,2.3M,1.94%,International Paper,Materials
248,IPG,8.33B,25.56%,8.16B,3.40%,694.1M,1.86B,3.34B,1.25,-1.85%,4.53M,5.85M,0.65%,Interpublic Group,Consumer Discretionary
249,IFF,15.55B,9.80%,3.61B,4.00%,393.22M,5.27B,4.38B,9.16,0.09%,779.95k,459.47k,0.18%,Intl Flavors & Fragrances,Materials
250,INTU,59.42B,62.58%,6.07B,11.60%,2.05B,1.33B,425M,1.41,41.48%,1.76M,1.49M,4.06%,Intuit Inc.,Information Technology
251,ISRG,61.79B,19.62%,3.72B,17.30%,1.17B,3.06B,,5.28,31.71%,820.09k,621.05k,0.96%,Intuitive Surgical Inc.,Health Care
252,IVZ,7.64B,9.53%,5.31B,-8.70%,828.8M,1.81B,7.63B,,-44.05%,5.49M,4.09M,1.49%,Invesco Ltd.,Financials
253,IPGP,7.86B,18.32%,1.49B,-9.20%,388.8M,1.12B,46.28M,8.64,-43.68%,507.26k,378.35k,33.18%,IPG Photonics Corp.,Information Technology
254,IQV,26.07B,17.04%,8.6B,5.20%,1.07B,879M,10.63B,1.09,29.02%,1.34M,899.77k,5.62%,IQVIA Holdings Inc.,Health Care
255,IRM,10.24B,12.22%,4.16B,9.90%,826.64M,197.68M,8.23B,0.98,8.47%,1.87M,1.93M,0.91%,Iron Mountain Incorporated,Real Estate
256,JBHT,12.12B,24.85%,8.61B,16.50%,,7.6M,1.15B,1.11,-7.35%,968.37k,1.21M,20.62%,J. B. Hunt Transport Services,Industrials
257,JEC,9.44B,4.68%,16.28B,72.90%,209.56M,886.71M,2.67B,1.58,5.56%,1.57M,2.11M,0.53%,Jacobs Engineering Group,Industrials
258,SJM,11.87B,17.77%,7.61B,5.10%,1.23B,171.2M,6.28B,1.25,-13.66%,1.22M,850.45k,4.53%,JM Smucker,Consumer Staples
259,JNJ,359.81B,24.52%,81.58B,1.00%,,19.36B,31.26B,,1.57%,9.95M,5.79M,0.06%,Johnson & Johnson,Health Care
260,JCI,31.59B,11.90%,31.56B,3.00%,2.75B,292M,11.91B,1.03,-8.88%,5.53M,5.12M,0.16%,Johnson Controls International,Industrials
261,JPM,341.14B,12.68%,104.16B,7.50%,,1.01T,595.64B,,-10.27%,16.58M,11.4M,0.78%,JPMorgan Chase & Co.,Financials
262,JNPR,9.19B,11.93%,4.65B,-4.70%,861.1M,3.56B,2.14B,2.49,-0.08%,3.82M,3.72M,1.37%,Juniper Networks,Information Technology
263,KSU,10.51B,12.59%,2.71B,5.10%,945.7M,100.5M,2.69B,1.42,-1.25%,1.15M,1.46M,0.63%,Kansas City Southern,Industrials
264,K,19.45B,49.90%,13.55B,3.40%,1.54B,321M,8.89B,0.7,-17.51%,2.74M,4.52M,0.70%,Kellogg Co.,Consumer Staples
265,KEY,17.57B,12.14%,6.18B,2.70%,,1.53B,14.6B,,-17.18%,12.55M,17.91M,0.36%,KeyCorp,Financials
266,KMB,39.95B,345.69%,18.49B,-0.70%,2.97B,539M,7.52B,0.77,3.67%,2.29M,1.99M,0.37%,Kimberly-Clark,Consumer Staples
267,KIM,7.49B,9.09%,1.16B,-9.80%,,143.58M,4.87B,2.52,24.20%,4.18M,3.75M,2.79%,Kimco Realty,Real Estate
268,KMI,41.83B,5.46%,14.14B,4.10%,5.04B,3.29B,37.44B,0.76,5.06%,16.11M,11.68M,13.38%,Kinder Morgan,Energy
269,KLAC,16.23B,100.64%,4.3B,14.80%,1.39B,2.69B,2.24B,3.03,1.35%,1.65M,1.31M,0.22%,KLA-Tencor Corp.,Information Technology
270,KSS,10.92B,19.02%,19.47B,1.30%,2.24B,1.05B,3.92B,1.58,2.34%,3.96M,3.19M,1.30%,Kohl's Corp.,Consumer Discretionary
271,KHC,58.67B,16.66%,26.36B,1.60%,1.41B,1.37B,32.38B,1.0,-34.00%,6.63M,6.23M,0.12%,Kraft Heinz Co,Consumer Staples
272,KR,22.8B,53.25%,124.1B,-0.30%,4.09B,429M,15.02B,0.73,-2.03%,6.49M,4.84M,0.64%,Kroger Co.,Consumer Staples
273,LB,7.52B,,13.21B,6.00%,1.28B,348M,5.87B,1.37,-44.13%,4.96M,3.47M,17.35%,L Brands Inc.,Consumer Discretionary
274,LLL,16.42B,14.85%,10.24B,81.60%,1.03B,1.07B,3.32B,1.98,-0.01%,763.76k,440.17k,0.26%,L-3 Communications Holdings,Industrials
275,LH,14.79B,12.77%,11.33B,3.20%,1.31B,426.8M,6.06B,1.51,-15.62%,1.02M,1.04M,0.57%,Laboratory Corp. of America Holding,Health Care
276,LRCX,27.35B,48.66%,10.87B,-2.30%,3.13B,3.64B,2.02B,3.39,1.95%,2.97M,2.19M,0.44%,Lam Research,Information Technology
277,LEG,5.8B,26.07%,4.27B,6.30%,440.3M,268.1M,1.17B,1.87,-1.87%,1.33M,1.71M,0.97%,Leggett & Platt,Consumer Discretionary
278,LEN,15.41B,15.15%,20.57B,70.60%,1.71B,1.37B,10.12B,7.14,-23.30%,4.16M,2.3M,1.65%,Lennar Corp.,Consumer Discretionary
280,LLY,120.53B,25.04%,24.56B,4.50%,,9.07B,12.76B,,54.85%,5.2M,8.68M,0.18%,Lilly (Eli) & Co.,Health Care
281,LNC,12.92B,10.36%,16.42B,23.50%,,4.3B,6.2B,14.25,-20.39%,2.24M,1.87M,0.44%,Lincoln National,Financials
282,LKQ,8.5B,12.71%,11.34B,26.60%,590.82M,341.35M,4.42B,2.65,-34.81%,3.1M,2.01M,0.98%,LKQ Corporation,Consumer Discretionary
283,LMT,85.45B,1499.55%,53.76B,,3.14B,772M,14.1B,1.12,-14.33%,1.55M,1.19M,0.10%,Lockheed Martin Corp.,Industrials
284,L,14.4B,6.26%,14.33B,2.50%,4.18B,4.56B,11.46B,0.47,-7.34%,1.13M,1.2M,69.17%,Loews Corp.,Financials
285,LOW,79.87B,66.31%,71.16B,3.80%,6.49B,1.68B,15.58B,1.0,0.85%,5.1M,3.78M,0.17%,Lowe's Cos.,Consumer Discretionary
286,LYB,32.13B,46.49%,39B,-2.80%,,1.55B,8.76B,,-23.47%,2.72M,2.67M,20.10%,LyondellBasell,Materials
287,MTB,23.55B,12.10%,5.8B,5.40%,,9.9B,12.84B,,-9.56%,937.54k,1.06M,6.36%,M&T Bank Corp.,Financials
288,MAC,6.65B,1.93%,1.03B,-5.90%,,102.71M,5.36B,0.75,-28.05%,1.4M,1.98M,0.47%,Macerich,Real Estate
289,M,7.62B,34.09%,25.14B,3.00%,1.97B,736M,5.53B,1.35,0.52%,9.5M,6.69M,0.30%,Macy's Inc.,Consumer Discretionary
290,MRO,12.84B,5.69%,5.93B,39.00%,2.88B,1.56B,5.5B,1.43,-4.98%,12.8M,11.11M,0.27%,Marathon Oil Corp.,Energy
292,MAR,39.14B,44.41%,5.33B,5.40%,2.51B,373M,9.33B,0.46,-17.75%,2.07M,1.3M,18.16%,Marriott Int'l.,Consumer Discretionary
293,MMC,45.82B,22.23%,14.95B,0.70%,2.43B,1.07B,5.82B,1.21,11.43%,1.89M,2.08M,0.18%,Marsh & McLennan,Financials
294,MLM,11.57B,16.24%,3.93B,11.70%,681.29M,53.96M,3.21B,1.88,-14.84%,796.61k,808.38k,0.66%,Martin Marietta Materials,Materials
295,MAS,10.83B,622.22%,8.36B,10.10%,1.03B,559M,2.98B,1.64,-15.27%,4.24M,5.29M,0.58%,Masco Corp.,Industrials
296,MA,224.79B,105.98%,14.95B,14.90%,6.22B,8.38B,6.33B,1.39,27.62%,4.54M,3.17M,11.09%,Mastercard Inc.,Information Technology
297,MAT,5.68B,-55.11%,4.51B,-5.40%,-27M,594.5M,2.86B,1.88,-3.79%,5.61M,12.76M,0.41%,Mattel Inc.,Consumer Discretionary
298,MKC,17.01B,32.45%,5.41B,0.60%,821.2M,96.6M,4.7B,0.74,24.13%,1.44M,1.48M,0.09%,McCormick & Co.,Consumer Staples
299,MCD,134.12B,,21.03B,-3.30%,6.97B,866M,31.08B,1.36,7.30%,3.8M,4.07M,0.06%,McDonald's Corp.,Consumer Discretionary
300,MCK,25.7B,-0.74%,213.52B,4.80%,3.16B,1.85B,9.85B,1.02,-10.77%,1.8M,1.73M,0.29%,McKesson Corp.,Health Care
301,MDT,121.21B,4.30%,30.38B,6.10%,5.9B,10.14B,25.04B,2.56,11.69%,6.15M,4.39M,0.06%,Medtronic plc,Health Care
302,MRK,204.18B,18.42%,42.29B,5.40%,,10.28B,23.73B,,39.73%,13.4M,10.44M,0.07%,Merck & Co.,Health Care
303,MET,43.73B,9.17%,67.94B,-2.00%,,19.76B,42.1B,1.62,-4.25%,6.72M,6.85M,61.88%,MetLife Inc.,Financials
304,MTD,16.67B,90.14%,2.94B,5.10%,565M,178.11M,1.03B,1.42,7.95%,156.69k,151.45k,2.31%,Mettler Toledo,Health Care
305,MGM,15.49B,18.90%,10.87B,7.10%,2.09B,1.3B,14.66B,0.74,-12.50%,8.63M,6.07M,7.55%,MGM Resorts International,Consumer Discretionary
307,MCHP,21.69B,7.86%,5.02B,38.30%,1.63B,436.2M,10.54B,2.92,10.09%,3.18M,4.52M,2.20%,Microchip Technology,Information Technology
308,MU,45.29B,50.68%,31.5B,16.30%,18.57B,5.56B,4.13B,2.9,-9.50%,34.39M,34.83M,4.32%,Micron Technology,Information Technology
309,MSFT,820.08B,39.35%,118.46B,12.30%,46.13B,127.67B,85.48B,3.12,17.17%,37.82M,24.89M,1.40%,Microsoft Corp.,Information Technology
310,MAA,12.58B,3.57%,1.57B,4.00%,,34.26M,4.53B,0.07,18.08%,646.19k,705.82k,0.64%,Mid-America Apartments,Real Estate
311,MHK,10.62B,11.90%,9.98B,3.40%,,119.05M,3.26B,1.38,-45.09%,1.08M,1.95M,18.92%,Mohawk Industries,Consumer Discretionary
312,TAP,12.78B,12.33%,10.93B,1.80%,2.51B,750.1M,10.57B,0.64,-13.66%,1.77M,1.63M,11.58%,Molson Coors Brewing Company,Consumer Staples
313,MDLZ,68.67B,13.11%,25.94B,-2.80%,3.95B,1.12B,18.73B,0.45,10.86%,8.24M,8.27M,0.35%,Mondelez International,Consumer Staples
315,MNST,32.56B,24.94%,3.69B,11.70%,1.02B,1.17B,,3.28,-8.50%,3.36M,2.81M,27.22%,Monster Beverage,Consumer Staples
316,MCO,31.26B,487.51%,4.55B,1.70%,1.48B,1.15B,4.97B,1.38,0.12%,1.14M,915.28k,0.52%,Moody's Corp,Financials
317,MS,69.96B,11.21%,40.11B,-10.00%,,532.06B,298.93B,,-24.69%,13.88M,12.04M,24.19%,Morgan Stanley,Financials
318,MSI,22.44B,,7.34B,15.20%,1.08B,1.25B,5.32B,1.38,31.63%,1.11M,1.8M,0.40%,Motorola Solutions Inc.,Information Technology
320,NDAQ,14.36B,8.08%,4.28B,10.90%,,813M,3.83B,0.97,10.45%,895.22k,612.53k,18.56%,"Nasdaq, Inc.",Financials
321,NOV,11.04B,-0.16%,8.45B,21.80%,521M,1.43B,2.71B,3.11,-14.35%,4.21M,4.59M,0.27%,National Oilwell Varco Inc.,Energy
322,NAVI,2.86B,11.23%,1.55B,-28.50%,,1.29B,98.94B,18.4,-16.25%,2.32M,1.47M,1.85%,Navient,Financials
323,NKTR,7.31B,79.57%,1.25B,-81.80%,755.36M,1.42B,246.51M,13.93,-38.74%,2.12M,1.29M,0.86%,Nektar Therapeutics,Health Care
324,NTAP,16.91B,13.70%,6.17B,7.20%,1.4B,4.3B,1.79B,1.65,12.24%,3.33M,3.28M,0.19%,NetApp,Information Technology
325,NFLX,157.16B,27.46%,15.79B,27.40%,-2.68B,3.79B,10.36B,1.49,33.86%,12.37M,7.61M,1.74%,Netflix Inc.,Information Technology
326,NWL,10.06B,-51.60%,13.97B,-7.70%,1.14B,1.44B,9.61B,2.98,-19.70%,7.41M,3.9M,0.69%,Newell Brands,Consumer Discretionary
327,NFX,3.24B,33.04%,2.48B,62.00%,1.4B,264M,2.44B,0.72,-37.95%,7.31M,7.13M,0.79%,Newfield Exploration Co,Energy
328,NEM,17.79B,-1.62%,7.11B,-8.10%,2.04B,3.13B,4.19B,4.7,-9.10%,6.71M,4.53M,0.25%,Newmont Mining Corporation,Materials
329,NWSA,7.3B,-11.27%,9.94B,20.50%,911M,1.67B,1.71B,1.19,-24.66%,2.77M,2.98M,0.58%,News Corp. Class A,Consumer Discretionary
330,NWS,7.31B,-11.27%,9.94B,20.50%,911M,1.67B,1.71B,1.19,-25.02%,639.31k,695.55k,39.47%,News Corp. Class B,Consumer Discretionary
331,NEE,87.59B,17.15%,16.73B,9.50%,6.59B,638M,37.71B,0.36,21.14%,2.42M,2.05M,0.17%,NextEra Energy,Utilities
332,NLSN,9.22B,7.68%,6.62B,-2.50%,1.02B,451M,8.61B,1.14,-20.99%,3.37M,3.2M,0.43%,Nielsen Holdings,Industrials
333,NKE,133.32B,21.04%,38.09B,9.60%,5.88B,4.04B,3.48B,2.14,27.04%,7.39M,4.87M,1.14%,Nike,Consumer Discretionary
334,NI,9.9B,-1.93%,5.02B,-2.40%,1.14B,63.2M,8.75B,0.4,14.61%,3.15M,3.09M,0.34%,NiSource Inc.,Utilities
335,NBL,10.11B,12.48%,4.79B,32.60%,2.31B,885M,6.62B,0.81,-17.74%,5.98M,4.87M,1.20%,Noble Energy Inc,Energy
336,JWN,7.66B,45.41%,16.08B,3.30%,1.44B,1.13B,2.69B,1.12,-7.75%,3.26M,2.34M,31.57%,Nordstrom,Consumer Discretionary
337,NSC,48.31B,16.81%,11.46B,8.50%,3.73B,358M,11.43B,0.72,26.11%,2.23M,2.39M,0.13%,Norfolk Southern Corp.,Industrials
338,NTRS,20.16B,15.02%,5.97B,5.80%,,3.15B,14.07B,,-9.78%,1.41M,1.15M,0.54%,Northern Trust Corp.,Financials
339,NOC,48.22B,42.16%,30.09B,24.50%,3.83B,1.58B,14.6B,1.17,-18.02%,1.39M,969.08k,0.55%,Northrop Grumman Corp.,Industrials
340,NCLH,11.4B,15.32%,5.92B,12.50%,1.95B,288.44M,6.56B,0.24,-9.77%,2.38M,1.6M,2.09%,Norwegian Cruise Line,Consumer Discretionary
341,NRG,12.3B,-74.39%,11.18B,11.70%,1.73B,1.38B,7.25B,1.57,71.68%,4.59M,2.54M,0.79%,NRG Energy,Utilities
342,NUE,18.82B,25.73%,25.07B,23.60%,2.39B,1.4B,4.29B,3.08,-6.52%,2.54M,2.7M,0.52%,Nucor Corp.,Materials
343,NVDA,92.21B,59.32%,12.42B,20.70%,4.2B,7.59B,1.99B,7.08,-37.05%,18.7M,14.02M,4.28%,Nvidia Corporation,Information Technology
344,ORLY,29.92B,263.13%,9.54B,5.70%,1.73B,31.32M,3.42B,0.91,49.48%,732.67k,1.08M,2.17%,O'Reilly Automotive,Consumer Discretionary
345,OXY,49.64B,18.60%,16.55B,73.90%,6.73B,2.95B,10.31B,1.33,-7.00%,5.1M,3.99M,0.32%,Occidental Petroleum,Energy
346,OMC,16.6B,40.54%,15.38B,-0.10%,1.94B,2.11B,4.95B,0.87,-7.14%,2.25M,2.61M,0.87%,Omnicom Group,Consumer Discretionary
347,OKE,26.82B,15.23%,13.25B,16.80%,1.9B,84.46M,8.95B,0.74,14.44%,2.7M,2.48M,0.55%,ONEOK,Energy
348,ORCL,183.82B,9.31%,39.89B,-0.30%,15.24B,49.39B,58.29B,2.8,5.65%,19.66M,11.81M,31.79%,Oracle Corp.,Information Technology
349,PCAR,23.14B,26.38%,23.5B,15.10%,2.99B,4.3B,11.18B,1.19,-4.08%,2.29M,1.87M,2.13%,PACCAR Inc.,Industrials
350,PKG,9.11B,31.32%,7.01B,3.70%,,293.8M,2.5B,,-19.06%,901.59k,867.57k,1.19%,Packaging Corporation of America,Materials
351,PH,22B,24.82%,14.52B,3.00%,1.68B,1.08B,5.45B,1.52,-8.89%,1.02M,734.15k,0.40%,Parker-Hannifin,Industrials
352,PAYX,26.87B,45.70%,3.51B,7.00%,1.25B,759M,57.3M,1.23,14.58%,2.17M,2.43M,10.82%,Paychex Inc.,Information Technology
353,PYPL,110.73B,13.11%,15.45B,12.90%,5.48B,9.11B,2B,1.27,23.64%,8.86M,6.66M,5.08%,PayPal,Information Technology
354,PNR,7.26B,9.36%,2.97B,-41.30%,439.1M,74.3M,787.6M,1.27,-11.83%,1.6M,1.27M,0.64%,Pentair Ltd.,Industrials
355,PBCT,6.36B,7.58%,1.57B,10.80%,,674.1M,4.49B,,-11.29%,4.48M,3.26M,0.69%,People's United Financial,Financials
356,PEP,160.62B,41.99%,64.66B,1.50%,8.64B,13.9B,35.12B,1.31,0.74%,5.13M,4.23M,0.20%,PepsiCo Inc.,Consumer Staples
357,PKI,10.41B,9.33%,2.78B,17.90%,311.04M,163.11M,1.89B,1.6,24.02%,661.6k,630.93k,0.89%,PerkinElmer,Health Care
358,PRGO,6.58B,2.10%,4.82B,-8.00%,615.6M,451.2M,3.27B,1.85,-45.23%,1.81M,1.42M,0.12%,Perrigo,Health Care
359,PFE,242.03B,15.60%,53.65B,2.00%,,17.33B,41.7B,,19.29%,25.78M,20.99M,0.06%,Pfizer Inc.,Health Care
360,PCG,8B,0.70%,16.77B,-3.00%,5.48B,430M,19.35B,0.67,-64.02%,29.01M,7.71M,0.22%,PG&E Corp.,Utilities
361,PM,125.3B,,29.62B,-9.60%,,6.59B,31.76B,1.13,-23.29%,7.22M,6.85M,0.17%,Philip Morris International,Consumer Staples
362,PSX,42.86B,22.07%,111.52B,10.50%,7.57B,924M,11.34B,,0.50%,3.08M,3.75M,0.21%,Phillips 66,Energy
363,PNW,10.06B,9.77%,3.69B,7.20%,1.31B,64.99M,5.22B,0.7,16.68%,1.17M,853.58k,0.38%,Pinnacle West Capital,Utilities
364,PXD,24.1B,11.71%,8.94B,91.60%,3.12B,1.48B,2.29B,1.2,-20.05%,1.69M,1.39M,0.80%,Pioneer Natural Resources,Energy
365,PNC,56.28B,11.21%,16.72B,1.40%,,6B,57.42B,,-20.69%,2.73M,2.01M,0.22%,PNC Financial Services,Financials
366,RL,9.96B,13.03%,6.34B,5.10%,707.1M,2.06B,934.6M,2.9,20.15%,1.17M,1.78M,1.50%,Polo Ralph Lauren Corp.,Consumer Discretionary
367,PPG,25.81B,24.93%,15.37B,-1.00%,,1.16B,5.05B,,-8.59%,1.48M,987k,0.14%,PPG Industries,Materials
368,PPL,22.33B,13.26%,7.77B,1.50%,2.92B,842M,21.89B,0.58,1.37%,5.59M,4.21M,0.21%,PPL Corp.,Utilities
369,PFG,13.64B,12.49%,14.24B,16.50%,,3.61B,3.3B,83.03,-21.61%,1.93M,1.65M,0.27%,Principal Financial Group,Financials
370,PG,248.31B,19.89%,66.91B,0.20%,15.13B,12.12B,33.63B,0.78,20.58%,10.7M,9.18M,0.07%,Procter & Gamble,Consumer Staples
371,PGR,40.42B,25.17%,31.95B,12.80%,,1.8B,4.4B,0.35,29.95%,3.7M,3.06M,0.62%,Progressive Corp.,Financials
372,PLD,46.6B,8.19%,3.1B,32.60%,,343.86M,11.09B,0.63,16.15%,2.74M,2.77M,0.68%,Prologis,Real Estate
373,PRU,38.56B,7.88%,57.48B,-2.60%,,25.07B,34.66B,1.17,-14.40%,2.44M,2.21M,0.22%,Prudential Financial,Financials
374,PEG,28.31B,15.97%,9.32B,6.20%,3.02B,88M,14.78B,0.72,16.53%,3.25M,2.97M,0.10%,Public Serv. Enterprise Inc.,Utilities
375,PSA,36.27B,17.01%,2.84B,2.90%,2.05B,432.52M,1.42B,1.08,11.26%,1.01M,1.01M,14.71%,Public Storage,Real Estate
376,PHM,7.57B,22.78%,10.19B,7.30%,1.45B,1.11B,3.43B,5.47,-8.62%,5.96M,4.31M,7.69%,Pulte Homes Inc.,Consumer Discretionary
377,PVH,8.66B,12.70%,9.67B,7.10%,799.3M,400.5M,3.16B,1.74,-23.27%,1.25M,888.23k,0.55%,PVH Corp.,Consumer Discretionary
378,QRVO,8B,1.26%,3.07B,-1.60%,881.98M,649.71M,714.4M,3.9,-18.71%,1.43M,1.78M,0.42%,Qorvo,Information Technology
379,QCOM,62.52B,15.88%,21.54B,-19.80%,2.49B,10.31B,16.39B,1.54,-22.63%,16.98M,11.74M,0.09%,QUALCOMM Inc.,Information Technology
380,PWR,5.19B,9.37%,10.54B,14.40%,419.4M,113.52M,975.7M,1.86,2.64%,1.49M,976.12k,0.64%,Quanta Services Inc.,Industrials
381,DGX,12.15B,17.70%,7.86B,1.80%,1.23B,263M,3.83B,1.15,-12.96%,1.3M,1.19M,0.32%,Quest Diagnostics,Health Care
382,RRC,2.55B,4.21%,3.02B,48.20%,990.67M,357k,4.16B,0.56,-18.70%,8.14M,9.79M,1.28%,Range Resources Corp.,Energy
383,RJF,11.57B,16.28%,7.4B,9.40%,1.71B,8.54B,3.47B,4.51,-9.82%,1.16M,678.83k,10.68%,Raymond James Financial Inc.,Financials
384,RTN,51.54B,25.79%,27.06B,8.50%,3.43B,3.61B,5.06B,1.46,-15.13%,2.09M,2.3M,0.15%,Raytheon Co.,Industrials
385,O,20.51B,4.51%,1.3B,10.20%,924.14M,6.67M,6.79B,1.23,43.72%,2.26M,2.03M,0.22%,Realty Income Corporation,Real Estate
386,RHT,31.7B,19.55%,3.26B,13.20%,977.74M,1.93B,516.12M,1.26,35.71%,2.17M,1.32M,0.52%,Red Hat Inc.,Information Technology
387,REG,11.09B,3.92%,1.14B,6.40%,590.48M,67.17M,3.72B,1.53,15.17%,1.08M,942.48k,5.97%,Regency Centers Corporation,Real Estate
388,REGN,45.3B,32.81%,6.71B,21.80%,2.2B,2.81B,708.5M,4.47,25.86%,749k,735.97k,26.44%,Regeneron,Health Care
389,RF,15.86B,10.02%,5.57B,-10.70%,,3.54B,14.02B,,-18.51%,14.32M,13.62M,0.50%,Regions Financial Corp.,Financials
390,RSG,24.95B,13.06%,10.04B,-1.20%,2.24B,70.5M,8.34B,0.57,21.52%,1.63M,1.47M,0.14%,Republic Services Inc,Industrials
391,RMD,14.07B,22.65%,2.45B,8.30%,456.08M,149.47M,1.2B,2.44,6.22%,1.16M,1.31M,1.22%,ResMed,Health Care
392,RHI,7.82B,39.05%,5.8B,10.10%,,361.74M,704k,,18.48%,1.16M,996.32k,2.90%,Robert Half International,Industrials
393,ROK,20.65B,49.68%,6.72B,3.50%,1.3B,753.5M,1.87B,1.21,-7.99%,1.1M,1.06M,0.66%,Rockwell Automation Inc.,Industrials
395,ROP,31.87B,12.94%,5.19B,12.20%,1.43B,364.4M,4.94B,1.11,11.38%,449.02k,453.08k,2.28%,Roper Technologies,Industrials
396,ROST,35.12B,52.81%,14.94B,6.60%,1.97B,1.35B,397.32M,1.61,20.96%,3.21M,1.64M,2.07%,Ross Stores,Consumer Discretionary
397,RCL,24.3B,16.25%,9.49B,16.40%,3.48B,287.85M,10.78B,0.17,-10.02%,1.73M,1.95M,18.56%,Royal Caribbean Cruises Ltd,Consumer Discretionary
398,SPGI,49.53B,95.93%,6.26B,-3.30%,2.06B,1.96B,3.66B,1.37,6.70%,1.79M,1.73M,0.32%,"S&P Global, Inc.",Financials
399,CRM,124.53B,6.13%,12.48B,25.60%,3.12B,3.45B,4.39B,0.86,48.49%,6.82M,4.79M,4.66%,Salesforce.com,Information Technology
400,SBAC,20.76B,,1.82B,7.70%,851.14M,136.22M,9.73B,1.23,13.97%,789.43k,543.37k,1.28%,SBA Communications,Real Estate
402,SLB,60.93B,5.90%,32.81B,0.00%,5.71B,2.78B,17.28B,1.17,-34.48%,14.65M,10.29M,0.13%,Schlumberger Ltd.,Energy
403,STX,12.79B,111.92%,11.34B,-6.80%,1.9B,1.36B,4.32B,1.6,-10.03%,4.1M,5.4M,56.34%,Seagate Technology,Information Technology
404,SEE,6.64B,,4.73B,2.60%,428M,271.7M,3.47B,1.04,1.10%,2.09M,3.16M,1.43%,Sealed Air,Materials
405,SRE,31.23B,-2.19%,11.43B,9.70%,3.51B,213M,25.83B,0.59,7.62%,1.92M,1.71M,0.14%,Sempra Energy,Utilities
406,SHW,40.72B,29.87%,17.53B,2.10%,,155.5M,9.34B,1.01,4.42%,813.6k,542.77k,11.40%,Sherwin-Williams,Materials
407,SPG,65.69B,66.75%,5.61B,2.10%,,514.34M,23.31B,0.45,19.17%,1.51M,1.32M,0.49%,Simon Property Group Inc,Real Estate
408,SWKS,14.55B,28.54%,3.79B,-7.60%,1.45B,1.1B,,6.18,-20.99%,2.43M,3.63M,0.41%,Skyworks Solutions,Information Technology
409,SLG,8.02B,3.87%,1.23B,-14.80%,,129.47M,5.59B,2.73,-1.77%,725.25k,599.33k,0.40%,SL Green Realty,Real Estate
410,SNA,8.67B,22.86%,4.07B,-1.80%,764.5M,140.5M,1.13B,2.33,-1.52%,675.1k,1.02M,1.22%,Snap-On Inc.,Consumer Discretionary
411,SO,50.8B,9.18%,23.79B,-0.70%,6.73B,1.85B,47B,0.72,10.35%,5.65M,4.32M,0.07%,Southern Co.,Utilities
412,LUV,31.89B,25.29%,21.97B,8.50%,4.89B,3.69B,3.39B,0.64,1.96%,4.55M,4.19M,0.32%,Southwest Airlines,Industrials
413,SWK,19.99B,7.98%,13.98B,6.50%,1.26B,311.4M,4.2B,1.16,-18.29%,1.62M,1.1M,0.36%,Stanley Black & Decker,Consumer Discretionary
414,SBUX,86.74B,210.29%,25.28B,9.20%,12.48B,4.99B,9.13B,1.41,25.72%,12.68M,10.8M,3.22%,Starbucks Corp.,Consumer Discretionary
415,STT,26.41B,11.03%,11.97B,4.50%,,82.18B,15.27B,,-32.07%,3.14M,3.2M,0.56%,State Street Corp.,Financials
416,SRCL,4.13B,5.68%,3.52B,-3.20%,206.5M,52M,2.84B,1.07,-38.23%,1.65M,734.47k,1.23%,Stericycle Inc,Industrials
417,SYK,69.19B,32.73%,13.6B,9.40%,2.61B,3.7B,9.86B,2.03,18.74%,1.55M,1.25M,7.95%,Stryker Corp.,Health Care
418,STI,29.3B,11.26%,9B,9.40%,,13B,23.84B,,-4.64%,4.9M,8.72M,0.35%,SunTrust Banks,Financials
419,SIVB,12.73B,21.10%,2.55B,31.30%,,3.57B,1.33B,,-0.29%,717.81k,413.42k,0.49%,SVB Financial,Financials
420,SYMC,14.96B,-1.33%,4.75B,0.20%,1.21B,2.58B,5.05B,1.02,-15.65%,6.5M,6.61M,1.00%,Symantec Corp.,Information Technology
421,SYF,21.88B,19.30%,7.74B,13.30%,,9.4B,24B,,-15.66%,7.75M,7.38M,0.09%,Synchrony Financial,Financials
422,SNPS,15.19B,12.79%,3.12B,14.10%,424.23M,723.12M,469.3M,0.73,15.64%,1.26M,1.14M,0.79%,Synopsys Inc.,Information Technology
423,SYY,34.37B,65.59%,59.65B,2.50%,2.14B,744.81M,8.84B,1.25,13.47%,3.57M,6.35M,0.21%,Sysco Corp.,Consumer Staples
424,TROW,23.12B,25.85%,5.37B,1.50%,1.62B,1.43B,,,-12.35%,1.69M,1.48M,2.69%,T. Rowe Price Group,Financials
425,TTWO,9.44B,21.46%,2.58B,159.70%,543.07M,1.6B,,1.42,-13.30%,2.94M,6.89M,1.15%,Take-Two Interactive,Information Technology
426,TPR,10.25B,22.65%,5.99B,0.90%,1.16B,1.5B,1.6B,2.62,-30.89%,4.18M,8.1M,0.17%,"Tapestry, Inc.",Consumer Discretionary
427,TGT,36.74B,29.17%,74.53B,5.60%,6.05B,825M,13.86B,0.83,-5.05%,6.26M,4.18M,0.14%,Target Corp.,Consumer Discretionary
428,TEL,27.6B,30.20%,14B,0.30%,2.4B,505M,4.03B,1.55,-18.94%,2.18M,1.63M,68.53%,TE Connectivity Ltd.,Information Technology
429,FTI,10.17B,1.57%,12.91B,-24.10%,-413M,5.61B,4.1B,1.33,-22.28%,4.43M,3.25M,26.55%,TechnipFMC,Energy
430,TXN,100.6B,57.73%,15.78B,-0.90%,7.19B,4.23B,5.07B,3.27,3.74%,6.99M,6.46M,0.23%,Texas Instruments,Information Technology
431,TXT,13.07B,22.55%,13.97B,-6.60%,1.11B,987M,3.89B,1.89,-8.34%,2.02M,1.73M,0.20%,Textron Inc.,Industrials
432,BK,50.75B,10.30%,16.4B,7.30%,,141.83B,68.3B,,-5.11%,6.3M,3.71M,0.00%,The Bank of New York Mellon Corp.,Financials
433,CLX,19.85B,105.19%,6.24B,4.00%,1.1B,162M,2.52B,1.15,20.98%,1.09M,1.66M,0.11%,The Clorox Company,Consumer Staples
434,COO,13.72B,4.32%,2.53B,16.00%,668.9M,77.7M,2.02B,2.03,21.88%,407.59k,258.95k,0.71%,The Cooper Companies,Health Care
435,HSY,23.02B,100.14%,7.79B,2.50%,,588M,4.46B,0.93,9.13%,1.25M,1.21M,0.41%,The Hershey Company,Consumer Staples
436,MOS,12.29B,-0.69%,9.16B,47.50%,1.67B,1.03B,4.61B,1.67,22.65%,3.73M,3.93M,9.05%,The Mosaic Company,Materials
437,TRV,33.55B,10.82%,30.28B,4.60%,4.38B,4.36B,6.56B,0.39,-9.50%,1.68M,1.33M,0.46%,The Travelers Companies Inc.,Financials
438,DIS,162.79B,21.94%,59.39B,-0.30%,14.16B,4.46B,20.66B,1.0,5.11%,8.11M,10.14M,0.14%,The Walt Disney Company,Consumer Discretionary
439,TMO,99.97B,11.09%,24.36B,7.60%,4.54B,2.1B,18.99B,1.71,20.18%,1.87M,1.17M,0.17%,Thermo Fisher Scientific,Health Care
440,TIF,10.94B,14.34%,4.46B,3.70%,658.2M,655.4M,948.9M,5.86,-12.99%,2.27M,1.15M,0.94%,Tiffany & Co.,Consumer Discretionary
442,TJX,61.35B,62.52%,38.81B,12.10%,3.57B,2.71B,2.23B,1.55,29.98%,7.82M,5.26M,0.07%,TJX Companies Inc.,Consumer Discretionary
443,TMK,9.23B,11.91%,4.3B,0.80%,,710.93M,1.97B,,-3.15%,614.33k,570.92k,1.66%,Torchmark Corp.,Financials
444,TSS,16.74B,23.39%,4.03B,-20.00%,1.04B,471.16M,3.92B,2.21,7.48%,1.53M,1.42M,1.59%,Total System Services,Information Technology
445,TSCO,11.66B,35.72%,7.91B,9.20%,694.39M,86.3M,440.27M,1.91,42.37%,1.55M,1.58M,0.58%,Tractor Supply Company,Consumer Discretionary
446,TDG,22.81B,,3.96B,17.10%,1.06B,2.35B,12.91B,4.13,50.01%,402.72k,507.85k,89.72%,TransDigm Group,Industrials
447,TRIP,8.31B,1.47%,1.59B,4.30%,392M,663M,,2.04,49.30%,2.04M,2.64M,15.18%,TripAdvisor,Consumer Discretionary
448,FOXA,91.71B,52.56%,31.04B,5.70%,4.21B,21.28B,19.21B,4.29,35.46%,10.35M,6.43M,1.20%,Twenty-First Century Fox Class A,Consumer Discretionary
449,FOX,91.81B,52.56%,31.04B,5.70%,4.21B,21.28B,19.21B,4.29,36.00%,4.8M,3.55M,38.94%,Twenty-First Century Fox Class B,Consumer Discretionary
450,TSN,22.42B,15.43%,40.02B,-0.40%,2.7B,401M,11.99B,0.85,-20.47%,2.99M,3.73M,2.53%,Tyson Foods,Consumer Staples
451,USB,82.35B,14.06%,21.14B,6.50%,,21.45B,55.48B,,-6.63%,8.35M,6.47M,0.14%,U.S. Bancorp,Financials
452,UDR,13.2B,5.61%,1.03B,5.70%,536.6M,9.13M,3.81B,0.26,30.97%,1.89M,1.29M,1.28%,UDR Inc,Real Estate
453,ULTA,17.94B,37.78%,6.53B,16.20%,992.49M,296.94M,,2.06,44.16%,983.17k,697.35k,5.23%,Ulta Beauty,Consumer Discretionary
454,UAA,9.48B,-6.74%,5.16B,2.40%,379.05M,168.68M,803.45M,1.99,24.43%,5.22M,6.25M,0.33%,Under Armour Class A,Consumer Discretionary
455,UA,9.31B,-6.74%,5.16B,2.40%,379.05M,168.68M,803.45M,1.99,25.25%,2.79M,1.91M,15.33%,Under Armour Class C,Consumer Discretionary
456,UNP,120.76B,26.35%,22.83B,5.60%,8.69B,1.33B,22.39B,0.9,28.10%,4.47M,3.52M,0.29%,Union Pacific,Industrials
457,UAL,23.97B,22.65%,41.3B,11.20%,6.18B,3.95B,14.73B,0.55,35.69%,3.78M,2.56M,0.34%,United Continental Holdings,Industrials
458,UNH,253.5B,22.88%,226.25B,12.20%,15.71B,14.32B,36.55B,0.73,13.46%,4M,3.57M,0.58%,United Health Group Inc.,Health Care
459,UPS,94.97B,235.60%,71.86B,5.40%,12.71B,5.03B,19.93B,1.12,1.27%,3.65M,3.41M,0.01%,United Parcel Service,Industrials
460,URI,10.46B,33.68%,8.05B,20.00%,2.85B,43M,11.75B,0.83,-23.11%,1.82M,1.18M,0.52%,"United Rentals, Inc.",Industrials
461,UTX,106.84B,15.65%,66.5B,15.10%,6.32B,6.15B,45.54B,1.13,-2.43%,6.05M,4.25M,0.09%,United Technologies,Industrials
462,UHS,12.23B,16.55%,10.66B,4.20%,1.28B,89.72M,4.03B,1.09,14.20%,821.04k,563.97k,2.56%,"Universal Health Services, Inc.",Health Care
463,UNM,7.88B,5.75%,11.6B,1.50%,,1.06B,2.97B,15.58,-30.89%,2.28M,2.66M,0.43%,Unum Group,Financials
464,VFC,34.28B,,13.51B,8.00%,-1.22B,535.31M,2.82B,1.8,4.12%,2.48M,2.2M,0.66%,V.F. Corp.,Consumer Discretionary
465,VLO,34.93B,14.62%,117.03B,15.30%,,3.55B,9.08B,,-7.87%,4.53M,3.64M,0.24%,Valero Energy,Energy
466,VAR,12.06B,23.85%,2.98B,9.20%,416.8M,656.1M,,1.73,12.78%,741.69k,489.35k,0.25%,Varian Medical Systems,Health Care
467,VTR,22.77B,3.86%,3.67B,-0.20%,1.38B,72.28M,10.73B,0.56,25.69%,2.23M,2.07M,0.35%,Ventas Inc,Real Estate
468,VRSN,20.92B,,1.21B,4.00%,697.77M,1.27B,1.79B,1.39,54.23%,800.94k,687.67k,1.03%,Verisign Inc.,Information Technology
469,VRSK,20.36B,34.46%,2.35B,9.00%,912.4M,151.6M,2.59B,0.49,28.68%,848.23k,585.48k,5.81%,Verisk Analytics,Industrials
470,VZ,224.86B,32.27%,130.86B,1.00%,34.34B,2.74B,113.06B,0.91,7.93%,17.82M,12.6M,0.03%,Verizon Communications,Telecommunication Services
471,VRTX,46.95B,84.27%,3.04B,33.50%,,3.17B,567.16M,5.18,17.77%,1.5M,1.5M,0.36%,Vertex Pharmaceuticals Inc,Health Care
472,VIAB,11.7B,20.32%,12.96B,0.60%,2.04B,534M,8.96B,1.31,-13.81%,4.41M,5.01M,0.22%,Viacom Inc.,Consumer Discretionary
473,V,311.96B,31.87%,21.25B,13.20%,13.19B,11.75B,16.63B,1.5,18.97%,10.16M,8.45M,0.10%,Visa Inc.,Information Technology
474,VNO,13.92B,6.17%,2.16B,20.80%,686.56M,812.73M,9.84B,4.69,3.87%,1.07M,1.27M,9.52%,Vornado Realty Trust,Real Estate
475,VMC,14.1B,14.68%,4.27B,13.30%,817.77M,38.03M,2.98B,1.7,-18.37%,1.18M,1.52M,0.22%,Vulcan Materials,Materials
476,WMT,281.72B,7.24%,511.88B,1.40%,28.59B,9.17B,61.46B,0.81,-4.73%,8.64M,6.03M,52.60%,Wal-Mart Stores,Consumer Staples
477,WBA,67.51B,20.03%,134.59B,9.90%,7.72B,980M,15.99B,0.8,3.19%,6.09M,4.86M,15.65%,Walgreens Boots Alliance,Consumer Staples
478,WM,42.06B,39.77%,14.72B,2.90%,3.45B,83M,10.02B,0.87,20.52%,2.02M,1.69M,0.24%,Waste Management Inc.,Industrials
479,WAT,17.74B,31.24%,2.42B,4.00%,604.45M,1.74B,1.15B,,16.06%,626.27k,542.53k,4.52%,Waters Corporation,Health Care
480,WEC,23.68B,13.50%,7.66B,-0.80%,2.34B,14.5M,11.28B,0.51,22.78%,1.75M,1.72M,0.19%,Wec Energy Group Inc,Utilities
481,WFC,224.71B,11.29%,84.66B,-6.00%,,353.7B,343.33B,,-17.84%,23.8M,17.55M,77.80%,Wells Fargo,Financials
482,WELL,28.79B,3.93%,4.5B,14.00%,1.48B,191.2M,13.5B,1.23,40.58%,2.15M,2.15M,0.22%,Welltower Inc.,Real Estate
483,WDC,13.75B,7.58%,19.39B,-20.70%,3.06B,4.04B,10.61B,2.24,-44.64%,7.16M,5.93M,0.36%,Western Digital,Information Technology
484,WU,7.94B,,5.59B,-2.60%,821.3M,973.4M,3.43B,0.18,-9.57%,5.39M,8.02M,0.29%,Western Union Co,Information Technology
485,WRK,9.77B,7.96%,16.72B,11.10%,2.48B,260.7M,10.82B,1.4,-40.61%,2.63M,3.19M,1.35%,WestRock Company,Materials
486,WY,18.91B,8.34%,7.48B,-10.30%,1.11B,334M,6.65B,0.83,-25.75%,5.88M,5.71M,0.22%,Weyerhaeuser Corp.,Real Estate
487,WHR,8.73B,-3.82%,21.04B,-0.70%,1.23B,1.5B,6.03B,0.82,-21.90%,983.82k,664.1k,1.10%,Whirlpool Corp.,Consumer Discretionary
488,WMB,32.36B,14.83%,8.71B,21.80%,2.66B,42M,22.26B,0.72,-10.25%,9.8M,6.76M,0.07%,Williams Cos.,Energy
489,WLTW,22.08B,7.05%,8.51B,15.70%,1.29B,1.03B,4.58B,1.07,9.47%,848.13k,819.72k,0.34%,Willis Towers Watson,Financials
491,WYNN,13.72B,62.23%,6.72B,-0.10%,,1.95B,8.93B,,-24.09%,2.74M,1.9M,9.70%,Wynn Resorts Ltd,Consumer Discretionary
492,XEL,27.49B,10.68%,11.54B,3.00%,,240M,16.5B,,21.86%,4.47M,2.41M,0.22%,Xcel Energy Inc,Utilities
493,XRX,6.91B,6.95%,9.83B,-7.80%,1.14B,1.08B,5.23B,1.44,0.41%,4.06M,3.35M,3.93%,Xerox Corp.,Information Technology
494,XLNX,29.92B,33.55%,2.94B,33.70%,1.05B,3.47B,1.74B,4.38,75.98%,3.49M,3.98M,0.18%,Xilinx Inc,Information Technology
496,XYL,13.1B,20.71%,5.21B,8.50%,586M,296M,2.31B,1.51,-1.87%,1.04M,921.45k,0.59%,Xylem Inc.,Industrials
497,YUM,28.78B,,5.69B,-1.20%,1.18B,292M,10.07B,0.93,19.92%,2.21M,2.06M,0.14%,Yum! Brands Inc,Consumer Discretionary
498,ZBH,25.28B,-3.30%,7.93B,-0.20%,1.75B,542.8M,8.94B,1.85,5.43%,1.39M,1.68M,0.21%,Zimmer Biomet Holdings,Health Care
499,ZION,9.36B,11.59%,2.82B,4.70%,,2.8B,6.38B,,-4.89%,2.76M,2.74M,1.28%,Zions Bancorp,Financials
500,ZTS,42.04B,56.03%,5.72B,9.90%,1.81B,1.39B,6.44B,4.06,17.79%,2.35M,2.37M,0.29%,Zoetis,Health Care
